{"cameraMode":{"drawMode":0,"name":"Shaded","section":"Shading Mode"},"sceneLighting":true,"audioPlay":false,"sceneViewState":{"showFog":true,"showMaterialUpdate":false,"showSkybox":true,"showFlares":true,"showImageEffects":true,"showParticleSystems":true},"in2DMode":false,"pivot":{"x":-0.7533664703369141,"y":-0.08664941787719727,"z":0.3872857093811035},"rotation":{"x":-0.10595911741256714,"y":0.8743292689323425,"z":-0.22121454775333405,"w":-0.4187951982021332},"size":10.449999809265137,"orthographic":false}