{"cameraMode":{"drawMode":0,"name":"Shaded","section":"Shading Mode"},"sceneLighting":false,"audioPlay":false,"sceneViewState":{"showFog":true,"showMaterialUpdate":false,"showSkybox":false,"showFlares":true,"showImageEffects":true,"showParticleSystems":true},"in2DMode":false,"pivot":{"x":-2.394245147705078,"y":6.757676124572754,"z":12.751398086547852},"rotation":{"x":0.2516615390777588,"y":-0.0029031955637037756,"z":0.0007553026080131531,"w":0.9678106904029846},"size":12.217508316040039,"orthographic":false}