{"cameraMode":{"drawMode":0,"name":"Shaded","section":"Shading Mode"},"sceneLighting":false,"audioPlay":false,"sceneViewState":{"showFog":true,"showMaterialUpdate":false,"showSkybox":false,"showFlares":true,"showImageEffects":true,"showParticleSystems":true},"in2DMode":false,"pivot":{"x":-10.427079200744629,"y":1.8861174583435059,"z":25.17859649658203},"rotation":{"x":0.18772107362747193,"y":-0.3776623010635376,"z":0.07848396897315979,"w":0.9033123850822449},"size":5.905060768127441,"orthographic":false}