{"cameraMode":{"drawMode":0,"name":"Shaded","section":"Shading Mode"},"sceneLighting":false,"audioPlay":false,"sceneViewState":{"showFog":true,"showMaterialUpdate":false,"showSkybox":false,"showFlares":true,"showImageEffects":true,"showParticleSystems":true},"in2DMode":false,"pivot":{"x":-9.415677070617676,"y":6.25128173828125,"z":18.799484252929689},"rotation":{"x":0.2516615390777588,"y":-0.0029031955637037756,"z":0.0007553026080131531,"w":0.9678106904029846},"size":9.46115779876709,"orthographic":false}