{"cameraMode":{"drawMode":0,"name":"Shaded","section":"Shading Mode"},"sceneLighting":true,"audioPlay":false,"sceneViewState":{"showFog":true,"showMaterialUpdate":false,"showSkybox":true,"showFlares":true,"showImageEffects":true,"showParticleSystems":true},"in2DMode":false,"pivot":{"x":776.1964111328125,"y":82.10403442382813,"z":1128.509765625},"rotation":{"x":0.05357026681303978,"y":0.5105800032615662,"z":-0.03192269057035446,"w":0.8575989603996277},"size":238.19790649414063,"orthographic":false}
