{"cameraMode":{"drawMode":0,"name":"Shaded","section":"Shading Mode"},"sceneLighting":false,"audioPlay":false,"sceneViewState":{"showFog":true,"showMaterialUpdate":false,"showSkybox":false,"showFlares":true,"showImageEffects":true,"showParticleSystems":true},"in2DMode":false,"pivot":{"x":-5.5,"y":4.860846519470215,"z":7.568344593048096},"rotation":{"x":0.2516615390777588,"y":-0.0029031955637037756,"z":0.0007553026080131531,"w":0.9678106904029846},"size":118.71678924560547,"orthographic":false}