{"cameraMode":{"drawMode":0,"name":"Shaded","section":"Shading Mode"},"sceneLighting":false,"audioPlay":false,"sceneViewState":{"showFog":true,"showMaterialUpdate":false,"showSkybox":false,"showFlares":true,"showImageEffects":true,"showParticleSystems":true},"in2DMode":false,"pivot":{"x":-0.010055065155029297,"y":4.806501388549805,"z":-0.2134876251220703},"rotation":{"x":0.19758498668670655,"y":-0.4373290538787842,"z":0.09912709146738053,"w":0.871709406375885},"size":6.081841945648193,"orthographic":false}