{"cameraMode":{"drawMode":0,"name":"Shaded","section":"Shading Mode"},"sceneLighting":true,"audioPlay":false,"sceneViewState":{"showFog":true,"showMaterialUpdate":false,"showSkybox":true,"showFlares":true,"showImageEffects":true,"showParticleSystems":true},"in2DMode":false,"pivot":{"x":145.54112243652345,"y":4.568403720855713,"z":-61.345767974853519},"rotation":{"x":0.09398813545703888,"y":0.31678929924964907,"z":-0.03156302496790886,"w":0.9433010816574097},"size":1.4577100276947022,"orthographic":false}